run,seed,baseline_area,baseline_buildings,baseline_bldg_breakdown,strategy,script,area_score,buildings_destroyed,bldg_breakdown,seconds,returncode,log_file
0,3883358208,285739,4229,"{""11"": 1266, ""12"": 1337, ""13"": 1542, ""14"": 13, ""21"": 3, ""22"": 31, ""23"": 37}",ics_buildings,ics_buildings_NO_PLOTTING.py,157490.0,1625.0,"{""11"":799,""12"":671,""13"":117,""21"":1,""22"":18,""23"":19}",52,0,C:\Users\Omar\PycharmProjects\PythonProject\results_3004_esperenza_high\run00\20251023_112603_ics_buildings.log
0,3883358208,285739,4229,"{""11"": 1266, ""12"": 1337, ""13"": 1542, ""14"": 13, ""21"": 3, ""22"": 31, ""23"": 37}",ics_mean_burned_buildings,ics_mean_burned_buildings_NO_PLOTTING.py,223340.0,2827.0,"{""11"":1014,""12"":993,""13"":774,""21"":1,""22"":23,""23"":22}",52,0,C:\Users\Omar\PycharmProjects\PythonProject\results_3004_esperenza_high\run00\20251023_112655_ics_mean_burned_buildings.log
0,3883358208,285739,4229,"{""11"": 1266, ""12"": 1337, ""13"": 1542, ""14"": 13, ""21"": 3, ""22"": 31, ""23"": 37}",ics_truth_burned_buildings,ics_truth_burned_buildings_NO_PLOTTING.py,217679.0,2534.0,"{""11"":920,""12"":948,""13"":620,""21"":1,""22"":23,""23"":22}",64,0,C:\Users\Omar\PycharmProjects\PythonProject\results_3004_esperenza_high\run00\20251023_112748_ics_truth_burned_buildings.log
0,3883358208,285739,4229,"{""11"": 1266, ""12"": 1337, ""13"": 1542, ""14"": 13, ""21"": 3, ""22"": 31, ""23"": 37}",random,random_allocations_NO_PLOTTING.py,161297.0,304.0,"{""11"":287,""13"":6,""14"":11}",47,0,C:\Users\Omar\PycharmProjects\PythonProject\results_3004_esperenza_high\run00\20251023_112852_random.log
0,3883358208,285739,4229,"{""11"": 1266, ""12"": 1337, ""13"": 1542, ""14"": 13, ""21"": 3, ""22"": 31, ""23"": 37}",ics_ros_weighted,ics_ros_weighted_NO_PLOTTING.py,205001.0,1101.0,"{""11"":690,""12"":287,""13"":109,""14"":13,""22"":2}",56,0,C:\Users\Omar\PycharmProjects\PythonProject\results_3004_esperenza_high\run00\20251023_112940_ics_ros_weighted.log
0,3883358208,285739,4229,"{""11"": 1266, ""12"": 1337, ""13"": 1542, ""14"": 13, ""21"": 3, ""22"": 31, ""23"": 37}",ics_dynamic_truth_lookahead,ics_dynamic_truth_lookahead_NO_PLOTTING.py,187907.0,839.0,"{""11"":598,""12"":66,""13"":160,""14"":13,""21"":1,""23"":1}",51,0,C:\Users\Omar\PycharmProjects\PythonProject\results_3004_esperenza_high\run00\20251023_113036_ics_dynamic_truth_lookahead.log
0,3883358208,285739,4229,"{""11"": 1266, ""12"": 1337, ""13"": 1542, ""14"": 13, ""21"": 3, ""22"": 31, ""23"": 37}",ics_ros_weighted_mean,ics_ros_weighted_mean_NO_PLOTTING.py,254012.0,2022.0,"{""11"":1025,""12"":674,""13"":272,""14"":13,""21"":1,""22"":18,""23"":19}",63,0,C:\Users\Omar\PycharmProjects\PythonProject\results_3004_esperenza_high\run00\20251023_113127_ics_ros_weighted_mean.log
0,3883358208,285739,4229,"{""11"": 1266, ""12"": 1337, ""13"": 1542, ""14"": 13, ""21"": 3, ""22"": 31, ""23"": 37}",ics_dynamic_mean_lookahead,ics_dynamic_mean_lookahead_NO_PLOTTING.py,180184.0,692.0,"{""11"":461,""12"":66,""13"":152,""14"":13}",51,0,C:\Users\Omar\PycharmProjects\PythonProject\results_3004_esperenza_high\run00\20251023_113231_ics_dynamic_mean_lookahead.log
0,3883358208,285739,4229,"{""11"": 1266, ""12"": 1337, ""13"": 1542, ""14"": 13, ""21"": 3, ""22"": 31, ""23"": 37}",ics_dynamic_mean,ics_dynamic_mean_NO_PLOTTING.py,223538.0,1479.0,"{""11"":928,""12"":433,""13"":112,""22"":6}",46,0,C:\Users\Omar\PycharmProjects\PythonProject\results_3004_esperenza_high\run00\20251023_113322_ics_dynamic_mean.log
0,3883358208,285739,4229,"{""11"": 1266, ""12"": 1337, ""13"": 1542, ""14"": 13, ""21"": 3, ""22"": 31, ""23"": 37}",ics_dynamic,ics_dynamic_NO_PLOTTING.py,221364.0,1602.0,"{""11"":1014,""12"":461,""13"":113,""22"":13,""23"":1}",47,0,C:\Users\Omar\PycharmProjects\PythonProject\results_3004_esperenza_high\run00\20251023_113409_ics_dynamic.log
0,3883358208,285739,4229,"{""11"": 1266, ""12"": 1337, ""13"": 1542, ""14"": 13, ""21"": 3, ""22"": 31, ""23"": 37}",mcts,dashboard_NO_PLOTTING.py,89332.0,215.0,"{""11"":215}",35910,0,C:\Users\Omar\PycharmProjects\PythonProject\results_3004_esperenza_high\run00\20251023_113456_mcts.log
1,3883358209,347878,1725,"{""11"": 1282, ""12"": 185, ""13"": 233, ""21"": 15, ""22"": 10}",ics_buildings,ics_buildings_NO_PLOTTING.py,302871.0,1142.0,"{""11"":1024,""12"":57,""13"":47,""21"":11,""22"":3}",59,0,C:\Users\Omar\PycharmProjects\PythonProject\results_3004_esperenza_high\run01\20251023_213327_ics_buildings.log
1,3883358209,347878,1725,"{""11"": 1282, ""12"": 185, ""13"": 233, ""21"": 15, ""22"": 10}",ics_mean_burned_buildings,ics_mean_burned_buildings_NO_PLOTTING.py,264112.0,1000.0,"{""11"":910,""12"":37,""13"":41,""21"":12}",60,0,C:\Users\Omar\PycharmProjects\PythonProject\results_3004_esperenza_high\run01\20251023_213426_ics_mean_burned_buildings.log
1,3883358209,347878,1725,"{""11"": 1282, ""12"": 185, ""13"": 233, ""21"": 15, ""22"": 10}",ics_truth_burned_buildings,ics_truth_burned_buildings_NO_PLOTTING.py,291590.0,888.0,"{""11"":839,""12"":16,""13"":21,""21"":12}",73,0,C:\Users\Omar\PycharmProjects\PythonProject\results_3004_esperenza_high\run01\20251023_213526_ics_truth_burned_buildings.log
1,3883358209,347878,1725,"{""11"": 1282, ""12"": 185, ""13"": 233, ""21"": 15, ""22"": 10}",random,random_allocations_NO_PLOTTING.py,293588.0,1257.0,"{""11"":1099,""12"":69,""13"":70,""21"":14,""22"":5}",49,0,C:\Users\Omar\PycharmProjects\PythonProject\results_3004_esperenza_high\run01\20251023_213640_random.log
1,3883358209,347878,1725,"{""11"": 1282, ""12"": 185, ""13"": 233, ""21"": 15, ""22"": 10}",ics_ros_weighted,ics_ros_weighted_NO_PLOTTING.py,190500.0,1281.0,"{""11"":1155,""12"":51,""13"":62,""21"":12,""22"":1}",54,0,C:\Users\Omar\PycharmProjects\PythonProject\results_3004_esperenza_high\run01\20251023_213730_ics_ros_weighted.log
1,3883358209,347878,1725,"{""11"": 1282, ""12"": 185, ""13"": 233, ""21"": 15, ""22"": 10}",ics_dynamic_truth_lookahead,ics_dynamic_truth_lookahead_NO_PLOTTING.py,256904.0,1255.0,"{""11"":1115,""12"":68,""13"":54,""21"":13,""22"":5}",48,0,C:\Users\Omar\PycharmProjects\PythonProject\results_3004_esperenza_high\run01\20251023_213825_ics_dynamic_truth_lookahead.log
1,3883358209,347878,1725,"{""11"": 1282, ""12"": 185, ""13"": 233, ""21"": 15, ""22"": 10}",ics_ros_weighted_mean,ics_ros_weighted_mean_NO_PLOTTING.py,189032.0,1237.0,"{""11"":1128,""12"":33,""13"":64,""21"":12}",57,0,C:\Users\Omar\PycharmProjects\PythonProject\results_3004_esperenza_high\run01\20251023_213913_ics_ros_weighted_mean.log
1,3883358209,347878,1725,"{""11"": 1282, ""12"": 185, ""13"": 233, ""21"": 15, ""22"": 10}",ics_dynamic_mean_lookahead,ics_dynamic_mean_lookahead_NO_PLOTTING.py,249060.0,1037.0,"{""11"":934,""12"":48,""13"":40,""21"":12,""22"":3}",60,0,C:\Users\Omar\PycharmProjects\PythonProject\results_3004_esperenza_high\run01\20251023_214011_ics_dynamic_mean_lookahead.log
1,3883358209,347878,1725,"{""11"": 1282, ""12"": 185, ""13"": 233, ""21"": 15, ""22"": 10}",ics_dynamic_mean,ics_dynamic_mean_NO_PLOTTING.py,291110.0,1230.0,"{""11"":1087,""12"":66,""13"":60,""21"":12,""22"":5}",51,0,C:\Users\Omar\PycharmProjects\PythonProject\results_3004_esperenza_high\run01\20251023_214112_ics_dynamic_mean.log
1,3883358209,347878,1725,"{""11"": 1282, ""12"": 185, ""13"": 233, ""21"": 15, ""22"": 10}",ics_dynamic,ics_dynamic_NO_PLOTTING.py,290076.0,1210.0,"{""11"":1069,""12"":63,""13"":62,""21"":11,""22"":5}",48,0,C:\Users\Omar\PycharmProjects\PythonProject\results_3004_esperenza_high\run01\20251023_214204_ics_dynamic.log
1,3883358209,347878,1725,"{""11"": 1282, ""12"": 185, ""13"": 233, ""21"": 15, ""22"": 10}",mcts,dashboard_NO_PLOTTING.py,178704.0,964.0,"{""11"":901,""12"":25,""13"":26,""21"":12}",41671,0,C:\Users\Omar\PycharmProjects\PythonProject\results_3004_esperenza_high\run01\20251023_233859_mcts.log
2,3204768514,322129,6925,"{""11"": 1834, ""12"": 2151, ""13"": 2769, ""14"": 21, ""21"": 22, ""22"": 54, ""23"": 74}",ics_buildings,ics_buildings_NO_PLOTTING.py,274823.0,3377.0,"{""11"":1120,""12"":1039,""13"":1150,""14"":21,""21"":2,""22"":32,""23"":13}",61,0,C:\Users\Omar\PycharmProjects\PythonProject\results_3004_esperenza_high\run02\20251024_111331_ics_buildings.log
2,3204768514,322129,6925,"{""11"": 1834, ""12"": 2151, ""13"": 2769, ""14"": 21, ""21"": 22, ""22"": 54, ""23"": 74}",ics_mean_burned_buildings,ics_mean_burned_buildings_NO_PLOTTING.py,150285.0,829.0,"{""11"":776,""12"":21,""13"":20,""21"":12}",50,0,C:\Users\Omar\PycharmProjects\PythonProject\results_3004_esperenza_high\run02\20251024_111433_ics_mean_burned_buildings.log
2,3204768514,322129,6925,"{""11"": 1834, ""12"": 2151, ""13"": 2769, ""14"": 21, ""21"": 22, ""22"": 54, ""23"": 74}",ics_truth_burned_buildings,ics_truth_burned_buildings_NO_PLOTTING.py,150267.0,836.0,"{""11"":782,""12"":22,""13"":20,""21"":12}",49,0,C:\Users\Omar\PycharmProjects\PythonProject\results_3004_esperenza_high\run02\20251024_111523_ics_truth_burned_buildings.log
2,3204768514,322129,6925,"{""11"": 1834, ""12"": 2151, ""13"": 2769, ""14"": 21, ""21"": 22, ""22"": 54, ""23"": 74}",random,random_allocations_NO_PLOTTING.py,284241.0,4977.0,"{""11"":1628,""12"":1506,""13"":1698,""14"":21,""21"":16,""22"":48,""23"":60}",67,0,C:\Users\Omar\PycharmProjects\PythonProject\results_3004_esperenza_high\run02\20251024_111612_random.log
2,3204768514,322129,6925,"{""11"": 1834, ""12"": 2151, ""13"": 2769, ""14"": 21, ""21"": 22, ""22"": 54, ""23"": 74}",ics_ros_weighted,ics_ros_weighted_NO_PLOTTING.py,259453.0,2336.0,"{""11"":1234,""12"":518,""13"":523,""14"":21,""21"":12,""22"":5,""23"":23}",67,0,C:\Users\Omar\PycharmProjects\PythonProject\results_3004_esperenza_high\run02\20251024_111720_ics_ros_weighted.log
2,3204768514,322129,6925,"{""11"": 1834, ""12"": 2151, ""13"": 2769, ""14"": 21, ""21"": 22, ""22"": 54, ""23"": 74}",ics_dynamic_truth_lookahead,ics_dynamic_truth_lookahead_NO_PLOTTING.py,188814.0,1302.0,"{""11"":810,""12"":99,""13"":368,""14"":21,""21"":1,""23"":3}",49,0,C:\Users\Omar\PycharmProjects\PythonProject\results_3004_esperenza_high\run02\20251024_111828_ics_dynamic_truth_lookahead.log
2,3204768514,322129,6925,"{""11"": 1834, ""12"": 2151, ""13"": 2769, ""14"": 21, ""21"": 22, ""22"": 54, ""23"": 74}",ics_ros_weighted_mean,ics_ros_weighted_mean_NO_PLOTTING.py,224440.0,1780.0,"{""11"":1088,""12"":151,""13"":503,""14"":21,""21"":12,""23"":5}",69,0,C:\Users\Omar\PycharmProjects\PythonProject\results_3004_esperenza_high\run02\20251024_111918_ics_ros_weighted_mean.log
2,3204768514,322129,6925,"{""11"": 1834, ""12"": 2151, ""13"": 2769, ""14"": 21, ""21"": 22, ""22"": 54, ""23"": 74}",ics_dynamic_mean_lookahead,ics_dynamic_mean_lookahead_NO_PLOTTING.py,188675.0,1320.0,"{""11"":835,""12"":98,""13"":360,""14"":21,""21"":3,""23"":3}",50,0,C:\Users\Omar\PycharmProjects\PythonProject\results_3004_esperenza_high\run02\20251024_112028_ics_dynamic_mean_lookahead.log
2,3204768514,322129,6925,"{""11"": 1834, ""12"": 2151, ""13"": 2769, ""14"": 21, ""21"": 22, ""22"": 54, ""23"": 74}",ics_dynamic_mean,ics_dynamic_mean_NO_PLOTTING.py,277300.0,6224.0,"{""11"":1781,""12"":1922,""13"":2353,""14"":21,""21"":22,""22"":52,""23"":73}",44,0,C:\Users\Omar\PycharmProjects\PythonProject\results_3004_esperenza_high\run02\20251024_112118_ics_dynamic_mean.log
2,3204768514,322129,6925,"{""11"": 1834, ""12"": 2151, ""13"": 2769, ""14"": 21, ""21"": 22, ""22"": 54, ""23"": 74}",ics_dynamic,ics_dynamic_NO_PLOTTING.py,279689.0,6391.0,"{""11"":1784,""12"":1933,""13"":2506,""14"":21,""21"":22,""22"":52,""23"":73}",45,0,C:\Users\Omar\PycharmProjects\PythonProject\results_3004_esperenza_high\run02\20251024_112202_ics_dynamic.log
2,3204768514,322129,6925,"{""11"": 1834, ""12"": 2151, ""13"": 2769, ""14"": 21, ""21"": 22, ""22"": 54, ""23"": 74}",mcts,dashboard_NO_PLOTTING.py,151132.0,837.0,"{""11"":783,""12"":22,""13"":20,""21"":12}",42380,0,C:\Users\Omar\PycharmProjects\PythonProject\results_3004_esperenza_high\run02\20251024_112248_mcts.log
3,3204768515,329618,2452,"{""11"": 1465, ""12"": 716, ""13"": 217, ""14"": 3, ""21"": 12, ""22"": 20, ""23"": 19}",ics_buildings,ics_buildings_NO_PLOTTING.py,268643.0,1022.0,"{""11"":757,""12"":263,""22"":2}",53,0,C:\Users\Omar\PycharmProjects\PythonProject\results_3004_esperenza_high\run03\20251024_230909_ics_buildings.log
3,3204768515,329618,2452,"{""11"": 1465, ""12"": 716, ""13"": 217, ""14"": 3, ""21"": 12, ""22"": 20, ""23"": 19}",ics_mean_burned_buildings,ics_mean_burned_buildings_NO_PLOTTING.py,160332.0,739.0,"{""11"":688,""12"":20,""13"":19,""21"":12}",52,0,C:\Users\Omar\PycharmProjects\PythonProject\results_3004_esperenza_high\run03\20251024_231002_ics_mean_burned_buildings.log
3,3204768515,329618,2452,"{""11"": 1465, ""12"": 716, ""13"": 217, ""14"": 3, ""21"": 12, ""22"": 20, ""23"": 19}",ics_truth_burned_buildings,ics_truth_burned_buildings_NO_PLOTTING.py,263178.0,1078.0,"{""11"":981,""12"":43,""13"":42,""21"":12}",55,0,C:\Users\Omar\PycharmProjects\PythonProject\results_3004_esperenza_high\run03\20251024_231055_ics_truth_burned_buildings.log
3,3204768515,329618,2452,"{""11"": 1465, ""12"": 716, ""13"": 217, ""14"": 3, ""21"": 12, ""22"": 20, ""23"": 19}",random,random_allocations_NO_PLOTTING.py,169669.0,704.0,"{""11"":609,""12"":32,""13"":63}",50,0,C:\Users\Omar\PycharmProjects\PythonProject\results_3004_esperenza_high\run03\20251024_231150_random.log
3,3204768515,329618,2452,"{""11"": 1465, ""12"": 716, ""13"": 217, ""14"": 3, ""21"": 12, ""22"": 20, ""23"": 19}",ics_ros_weighted,ics_ros_weighted_NO_PLOTTING.py,260202.0,1516.0,"{""11"":913,""12"":445,""13"":137,""22"":13,""23"":8}",59,0,C:\Users\Omar\PycharmProjects\PythonProject\results_3004_esperenza_high\run03\20251024_231241_ics_ros_weighted.log
3,3204768515,329618,2452,"{""11"": 1465, ""12"": 716, ""13"": 217, ""14"": 3, ""21"": 12, ""22"": 20, ""23"": 19}",ics_dynamic_truth_lookahead,ics_dynamic_truth_lookahead_NO_PLOTTING.py,166762.0,709.0,"{""11"":658,""12"":20,""13"":19,""21"":12}",46,0,C:\Users\Omar\PycharmProjects\PythonProject\results_3004_esperenza_high\run03\20251024_231340_ics_dynamic_truth_lookahead.log
3,3204768515,329618,2452,"{""11"": 1465, ""12"": 716, ""13"": 217, ""14"": 3, ""21"": 12, ""22"": 20, ""23"": 19}",ics_ros_weighted_mean,ics_ros_weighted_mean_NO_PLOTTING.py,223809.0,1559.0,"{""11"":1002,""12"":493,""13"":49,""21"":1,""22"":14}",63,0,C:\Users\Omar\PycharmProjects\PythonProject\results_3004_esperenza_high\run03\20251024_231427_ics_ros_weighted_mean.log
3,3204768515,329618,2452,"{""11"": 1465, ""12"": 716, ""13"": 217, ""14"": 3, ""21"": 12, ""22"": 20, ""23"": 19}",ics_dynamic_mean_lookahead,ics_dynamic_mean_lookahead_NO_PLOTTING.py,231657.0,951.0,"{""11"":825,""12"":34,""13"":80,""21"":12}",46,0,C:\Users\Omar\PycharmProjects\PythonProject\results_3004_esperenza_high\run03\20251024_231530_ics_dynamic_mean_lookahead.log
3,3204768515,329618,2452,"{""11"": 1465, ""12"": 716, ""13"": 217, ""14"": 3, ""21"": 12, ""22"": 20, ""23"": 19}",ics_dynamic_mean,ics_dynamic_mean_NO_PLOTTING.py,275063.0,2152.0,"{""11"":1293,""12"":634,""13"":177,""21"":12,""22"":18,""23"":18}",46,0,C:\Users\Omar\PycharmProjects\PythonProject\results_3004_esperenza_high\run03\20251024_231616_ics_dynamic_mean.log
3,3204768515,329618,2452,"{""11"": 1465, ""12"": 716, ""13"": 217, ""14"": 3, ""21"": 12, ""22"": 20, ""23"": 19}",ics_dynamic,ics_dynamic_NO_PLOTTING.py,277819.0,2177.0,"{""11"":1325,""12"":628,""13"":176,""21"":12,""22"":18,""23"":18}",42,0,C:\Users\Omar\PycharmProjects\PythonProject\results_3004_esperenza_high\run03\20251024_231703_ics_dynamic.log
3,3204768515,329618,2452,"{""11"": 1465, ""12"": 716, ""13"": 217, ""14"": 3, ""21"": 12, ""22"": 20, ""23"": 19}",mcts,dashboard_NO_PLOTTING.py,155827.0,603.0,"{""11"":566,""12"":18,""13"":19}",43399,0,C:\Users\Omar\PycharmProjects\PythonProject\results_3004_esperenza_high\run03\20251024_231746_mcts.log
4,3204768516,291906,4051,"{""11"": 1217, ""12"": 1285, ""13"": 1468, ""14"": 8, ""21"": 6, ""22"": 25, ""23"": 42}",ics_buildings,ics_buildings_NO_PLOTTING.py,183003.0,1508.0,"{""11"":661,""12"":679,""13"":128,""22"":18,""23"":22}",53,0,C:\Users\Omar\PycharmProjects\PythonProject\results_3004_esperenza_high\run04\20251025_112106_ics_buildings.log
4,3204768516,291906,4051,"{""11"": 1217, ""12"": 1285, ""13"": 1468, ""14"": 8, ""21"": 6, ""22"": 25, ""23"": 42}",ics_mean_burned_buildings,ics_mean_burned_buildings_NO_PLOTTING.py,66718.0,165.0,"{""11"":165}",41,0,C:\Users\Omar\PycharmProjects\PythonProject\results_3004_esperenza_high\run04\20251025_112200_ics_mean_burned_buildings.log
4,3204768516,291906,4051,"{""11"": 1217, ""12"": 1285, ""13"": 1468, ""14"": 8, ""21"": 6, ""22"": 25, ""23"": 42}",ics_truth_burned_buildings,ics_truth_burned_buildings_NO_PLOTTING.py,82159.0,346.0,"{""11"":346}",48,0,C:\Users\Omar\PycharmProjects\PythonProject\results_3004_esperenza_high\run04\20251025_112242_ics_truth_burned_buildings.log
4,3204768516,291906,4051,"{""11"": 1217, ""12"": 1285, ""13"": 1468, ""14"": 8, ""21"": 6, ""22"": 25, ""23"": 42}",random,random_allocations_NO_PLOTTING.py,142442.0,302.0,"{""11"":302}",55,0,C:\Users\Omar\PycharmProjects\PythonProject\results_3004_esperenza_high\run04\20251025_112330_random.log
4,3204768516,291906,4051,"{""11"": 1217, ""12"": 1285, ""13"": 1468, ""14"": 8, ""21"": 6, ""22"": 25, ""23"": 42}",ics_ros_weighted,ics_ros_weighted_NO_PLOTTING.py,189570.0,618.0,"{""11"":540,""12"":26,""13"":52}",63,0,C:\Users\Omar\PycharmProjects\PythonProject\results_3004_esperenza_high\run04\20251025_112425_ics_ros_weighted.log
4,3204768516,291906,4051,"{""11"": 1217, ""12"": 1285, ""13"": 1468, ""14"": 8, ""21"": 6, ""22"": 25, ""23"": 42}",ics_dynamic_truth_lookahead,ics_dynamic_truth_lookahead_NO_PLOTTING.py,189686.0,635.0,"{""11"":525,""12"":30,""13"":80}",58,0,C:\Users\Omar\PycharmProjects\PythonProject\results_3004_esperenza_high\run04\20251025_112529_ics_dynamic_truth_lookahead.log
4,3204768516,291906,4051,"{""11"": 1217, ""12"": 1285, ""13"": 1468, ""14"": 8, ""21"": 6, ""22"": 25, ""23"": 42}",ics_ros_weighted_mean,ics_ros_weighted_mean_NO_PLOTTING.py,194251.0,562.0,"{""11"":517,""12"":16,""13"":29}",59,0,C:\Users\Omar\PycharmProjects\PythonProject\results_3004_esperenza_high\run04\20251025_112628_ics_ros_weighted_mean.log
4,3204768516,291906,4051,"{""11"": 1217, ""12"": 1285, ""13"": 1468, ""14"": 8, ""21"": 6, ""22"": 25, ""23"": 42}",ics_dynamic_mean_lookahead,ics_dynamic_mean_lookahead_NO_PLOTTING.py,183087.0,607.0,"{""11"":509,""12"":29,""13"":69}",55,0,C:\Users\Omar\PycharmProjects\PythonProject\results_3004_esperenza_high\run04\20251025_112727_ics_dynamic_mean_lookahead.log
4,3204768516,291906,4051,"{""11"": 1217, ""12"": 1285, ""13"": 1468, ""14"": 8, ""21"": 6, ""22"": 25, ""23"": 42}",ics_dynamic_mean,ics_dynamic_mean_NO_PLOTTING.py,224803.0,3045.0,"{""11"":746,""12"":1152,""13"":1081,""22"":25,""23"":41}",55,0,C:\Users\Omar\PycharmProjects\PythonProject\results_3004_esperenza_high\run04\20251025_112822_ics_dynamic_mean.log
4,3204768516,291906,4051,"{""11"": 1217, ""12"": 1285, ""13"": 1468, ""14"": 8, ""21"": 6, ""22"": 25, ""23"": 42}",ics_dynamic,ics_dynamic_NO_PLOTTING.py,225061.0,3296.0,"{""11"":730,""12"":1209,""13"":1291,""22"":25,""23"":41}",57,0,C:\Users\Omar\PycharmProjects\PythonProject\results_3004_esperenza_high\run04\20251025_112918_ics_dynamic.log
4,3204768516,291906,4051,"{""11"": 1217, ""12"": 1285, ""13"": 1468, ""14"": 8, ""21"": 6, ""22"": 25, ""23"": 42}",mcts,dashboard_NO_PLOTTING.py,80539.0,192.0,"{""11"":192}",38574,0,C:\Users\Omar\PycharmProjects\PythonProject\results_3004_esperenza_high\run04\20251025_113015_mcts.log
5,3204768517,361847,5135,"{""11"": 1634, ""12"": 1522, ""13"": 1877, ""14"": 13, ""21"": 22, ""22"": 28, ""23"": 39}",ics_buildings,ics_buildings_NO_PLOTTING.py,252224.0,2590.0,"{""11"":1209,""12"":911,""13"":413,""21"":12,""22"":22,""23"":23}",54,0,C:\Users\Omar\PycharmProjects\PythonProject\results_3004_esperenza_high\run05\20251025_221311_ics_buildings.log
5,3204768517,361847,5135,"{""11"": 1634, ""12"": 1522, ""13"": 1877, ""14"": 13, ""21"": 22, ""22"": 28, ""23"": 39}",ics_mean_burned_buildings,ics_mean_burned_buildings_NO_PLOTTING.py,171167.0,565.0,"{""11"":553,""21"":12}",46,0,C:\Users\Omar\PycharmProjects\PythonProject\results_3004_esperenza_high\run05\20251025_221405_ics_mean_burned_buildings.log
5,3204768517,361847,5135,"{""11"": 1634, ""12"": 1522, ""13"": 1877, ""14"": 13, ""21"": 22, ""22"": 28, ""23"": 39}",ics_truth_burned_buildings,ics_truth_burned_buildings_NO_PLOTTING.py,233411.0,704.0,"{""11"":693,""12"":1,""13"":2,""14"":1,""21"":7}",70,0,C:\Users\Omar\PycharmProjects\PythonProject\results_3004_esperenza_high\run05\20251025_221452_ics_truth_burned_buildings.log
5,3204768517,361847,5135,"{""11"": 1634, ""12"": 1522, ""13"": 1877, ""14"": 13, ""21"": 22, ""22"": 28, ""23"": 39}",random,random_allocations_NO_PLOTTING.py,313795.0,4338.0,"{""11"":1427,""12"":1361,""13"":1476,""21"":19,""22"":25,""23"":30}",45,0,C:\Users\Omar\PycharmProjects\PythonProject\results_3004_esperenza_high\run05\20251025_221602_random.log
5,3204768517,361847,5135,"{""11"": 1634, ""12"": 1522, ""13"": 1877, ""14"": 13, ""21"": 22, ""22"": 28, ""23"": 39}",ics_ros_weighted,ics_ros_weighted_NO_PLOTTING.py,312054.0,3345.0,"{""11"":1493,""12"":863,""13"":918,""14"":13,""21"":8,""22"":18,""23"":32}",63,0,C:\Users\Omar\PycharmProjects\PythonProject\results_3004_esperenza_high\run05\20251025_221647_ics_ros_weighted.log
5,3204768517,361847,5135,"{""11"": 1634, ""12"": 1522, ""13"": 1877, ""14"": 13, ""21"": 22, ""22"": 28, ""23"": 39}",ics_dynamic_truth_lookahead,ics_dynamic_truth_lookahead_NO_PLOTTING.py,234657.0,1911.0,"{""11"":722,""12"":427,""13"":731,""14"":13,""22"":12,""23"":6}",56,0,C:\Users\Omar\PycharmProjects\PythonProject\results_3004_esperenza_high\run05\20251025_221751_ics_dynamic_truth_lookahead.log
5,3204768517,361847,5135,"{""11"": 1634, ""12"": 1522, ""13"": 1877, ""14"": 13, ""21"": 22, ""22"": 28, ""23"": 39}",ics_ros_weighted_mean,ics_ros_weighted_mean_NO_PLOTTING.py,307398.0,4131.0,"{""11"":1489,""12"":1322,""13"":1243,""14"":13,""21"":8,""22"":25,""23"":31}",52,0,C:\Users\Omar\PycharmProjects\PythonProject\results_3004_esperenza_high\run05\20251025_221847_ics_ros_weighted_mean.log
5,3204768517,361847,5135,"{""11"": 1634, ""12"": 1522, ""13"": 1877, ""14"": 13, ""21"": 22, ""22"": 28, ""23"": 39}",ics_dynamic_mean_lookahead,ics_dynamic_mean_lookahead_NO_PLOTTING.py,230738.0,1937.0,"{""11"":746,""12"":429,""13"":731,""14"":13,""22"":12,""23"":6}",52,0,C:\Users\Omar\PycharmProjects\PythonProject\results_3004_esperenza_high\run05\20251025_221940_ics_dynamic_mean_lookahead.log
5,3204768517,361847,5135,"{""11"": 1634, ""12"": 1522, ""13"": 1877, ""14"": 13, ""21"": 22, ""22"": 28, ""23"": 39}",ics_dynamic_mean,ics_dynamic_mean_NO_PLOTTING.py,303133.0,4395.0,"{""11"":1510,""12"":1349,""13"":1463,""14"":1,""21"":17,""22"":25,""23"":30}",50,0,C:\Users\Omar\PycharmProjects\PythonProject\results_3004_esperenza_high\run05\20251025_222033_ics_dynamic_mean.log
5,3204768517,361847,5135,"{""11"": 1634, ""12"": 1522, ""13"": 1877, ""14"": 13, ""21"": 22, ""22"": 28, ""23"": 39}",ics_dynamic,ics_dynamic_NO_PLOTTING.py,304355.0,4363.0,"{""11"":1503,""12"":1321,""13"":1463,""14"":1,""21"":20,""22"":25,""23"":30}",44,0,C:\Users\Omar\PycharmProjects\PythonProject\results_3004_esperenza_high\run05\20251025_222124_ics_dynamic.log
5,3204768517,361847,5135,"{""11"": 1634, ""12"": 1522, ""13"": 1877, ""14"": 13, ""21"": 22, ""22"": 28, ""23"": 39}",mcts,dashboard_NO_PLOTTING.py,165328.0,630.0,"{""11"":618,""21"":12}",30504,0,C:\Users\Omar\PycharmProjects\PythonProject\results_3004_esperenza_high\run05\20251025_222208_mcts.log
6,3204768518,287777,5968,"{""11"": 1258, ""12"": 1916, ""13"": 2674, ""14"": 13, ""21"": 13, ""22"": 33, ""23"": 61}",ics_buildings,ics_buildings_NO_PLOTTING.py,144233.0,1627.0,"{""11"":672,""12"":700,""13"":216,""22"":18,""23"":21}",61,0,C:\Users\Omar\PycharmProjects\PythonProject\results_3004_esperenza_high\run06\20251026_065033_ics_buildings.log
6,3204768518,287777,5968,"{""11"": 1258, ""12"": 1916, ""13"": 2674, ""14"": 13, ""21"": 13, ""22"": 33, ""23"": 61}",ics_mean_burned_buildings,ics_mean_burned_buildings_NO_PLOTTING.py,64325.0,181.0,"{""11"":181}",42,0,C:\Users\Omar\PycharmProjects\PythonProject\results_3004_esperenza_high\run06\20251026_065134_ics_mean_burned_buildings.log
6,3204768518,287777,5968,"{""11"": 1258, ""12"": 1916, ""13"": 2674, ""14"": 13, ""21"": 13, ""22"": 33, ""23"": 61}",ics_truth_burned_buildings,ics_truth_burned_buildings_NO_PLOTTING.py,103187.0,953.0,"{""11"":454,""12"":400,""13"":73,""22"":5,""23"":21}",53,0,C:\Users\Omar\PycharmProjects\PythonProject\results_3004_esperenza_high\run06\20251026_065217_ics_truth_burned_buildings.log
6,3204768518,287777,5968,"{""11"": 1258, ""12"": 1916, ""13"": 2674, ""14"": 13, ""21"": 13, ""22"": 33, ""23"": 61}",random,random_allocations_NO_PLOTTING.py,154070.0,2634.0,"{""11"":651,""12"":1041,""13"":895,""22"":23,""23"":24}",65,0,C:\Users\Omar\PycharmProjects\PythonProject\results_3004_esperenza_high\run06\20251026_065310_random.log
6,3204768518,287777,5968,"{""11"": 1258, ""12"": 1916, ""13"": 2674, ""14"": 13, ""21"": 13, ""22"": 33, ""23"": 61}",ics_ros_weighted,ics_ros_weighted_NO_PLOTTING.py,223531.0,5628.0,"{""11"":1071,""12"":1894,""13"":2553,""14"":13,""21"":13,""22"":31,""23"":53}",52,0,C:\Users\Omar\PycharmProjects\PythonProject\results_3004_esperenza_high\run06\20251026_065416_ics_ros_weighted.log
6,3204768518,287777,5968,"{""11"": 1258, ""12"": 1916, ""13"": 2674, ""14"": 13, ""21"": 13, ""22"": 33, ""23"": 61}",ics_dynamic_truth_lookahead,ics_dynamic_truth_lookahead_NO_PLOTTING.py,166266.0,2883.0,"{""11"":560,""12"":1159,""13"":1118,""21"":3,""22"":23,""23"":20}",53,0,C:\Users\Omar\PycharmProjects\PythonProject\results_3004_esperenza_high\run06\20251026_065509_ics_dynamic_truth_lookahead.log
6,3204768518,287777,5968,"{""11"": 1258, ""12"": 1916, ""13"": 2674, ""14"": 13, ""21"": 13, ""22"": 33, ""23"": 61}",ics_ros_weighted_mean,ics_ros_weighted_mean_NO_PLOTTING.py,212338.0,2198.0,"{""11"":797,""12"":770,""13"":573,""14"":13,""22"":18,""23"":27}",59,0,C:\Users\Omar\PycharmProjects\PythonProject\results_3004_esperenza_high\run06\20251026_065603_ics_ros_weighted_mean.log
6,3204768518,287777,5968,"{""11"": 1258, ""12"": 1916, ""13"": 2674, ""14"": 13, ""21"": 13, ""22"": 33, ""23"": 61}",ics_dynamic_mean_lookahead,ics_dynamic_mean_lookahead_NO_PLOTTING.py,175284.0,2959.0,"{""11"":574,""12"":1171,""13"":1168,""21"":3,""22"":23,""23"":20}",61,0,C:\Users\Omar\PycharmProjects\PythonProject\results_3004_esperenza_high\run06\20251026_065702_ics_dynamic_mean_lookahead.log
6,3204768518,287777,5968,"{""11"": 1258, ""12"": 1916, ""13"": 2674, ""14"": 13, ""21"": 13, ""22"": 33, ""23"": 61}",ics_dynamic_mean,ics_dynamic_mean_NO_PLOTTING.py,181799.0,3533.0,"{""11"":828,""12"":1305,""13"":1336,""21"":8,""22"":23,""23"":33}",51,0,C:\Users\Omar\PycharmProjects\PythonProject\results_3004_esperenza_high\run06\20251026_065803_ics_dynamic_mean.log
6,3204768518,287777,5968,"{""11"": 1258, ""12"": 1916, ""13"": 2674, ""14"": 13, ""21"": 13, ""22"": 33, ""23"": 61}",ics_dynamic,ics_dynamic_NO_PLOTTING.py,174752.0,3965.0,"{""11"":788,""12"":1517,""13"":1589,""21"":13,""22"":25,""23"":33}",46,0,C:\Users\Omar\PycharmProjects\PythonProject\results_3004_esperenza_high\run06\20251026_065855_ics_dynamic.log
6,3204768518,287777,5968,"{""11"": 1258, ""12"": 1916, ""13"": 2674, ""14"": 13, ""21"": 13, ""22"": 33, ""23"": 61}",mcts,dashboard_NO_PLOTTING.py,31955.0,168.0,"{""11"":168}",23411,0,C:\Users\Omar\PycharmProjects\PythonProject\results_3004_esperenza_high\run06\20251026_065941_mcts.log
7,3204768519,374648,6744,"{""11"": 1806, ""12"": 2214, ""13"": 2556, ""14"": 18, ""21"": 27, ""22"": 57, ""23"": 66}",ics_buildings,ics_buildings_NO_PLOTTING.py,324259.0,2834.0,"{""11"":1108,""12"":882,""13"":781,""14"":18,""22"":18,""23"":27}",71,0,C:\Users\Omar\PycharmProjects\PythonProject\results_3004_esperenza_high\run07\20251026_132953_ics_buildings.log
7,3204768519,374648,6744,"{""11"": 1806, ""12"": 2214, ""13"": 2556, ""14"": 18, ""21"": 27, ""22"": 57, ""23"": 66}",ics_mean_burned_buildings,ics_mean_burned_buildings_NO_PLOTTING.py,266714.0,1551.0,"{""11"":936,""12"":115,""13"":465,""14"":18,""21"":12,""23"":5}",58,0,C:\Users\Omar\PycharmProjects\PythonProject\results_3004_esperenza_high\run07\20251026_133104_ics_mean_burned_buildings.log
7,3204768519,374648,6744,"{""11"": 1806, ""12"": 2214, ""13"": 2556, ""14"": 18, ""21"": 27, ""22"": 57, ""23"": 66}",ics_truth_burned_buildings,ics_truth_burned_buildings_NO_PLOTTING.py,279672.0,1575.0,"{""11"":970,""12"":115,""13"":455,""14"":18,""21"":12,""23"":5}",52,0,C:\Users\Omar\PycharmProjects\PythonProject\results_3004_esperenza_high\run07\20251026_133203_ics_truth_burned_buildings.log
7,3204768519,374648,6744,"{""11"": 1806, ""12"": 2214, ""13"": 2556, ""14"": 18, ""21"": 27, ""22"": 57, ""23"": 66}",random,random_allocations_NO_PLOTTING.py,329357.0,2912.0,"{""11"":1441,""12"":790,""13"":607,""14"":18,""21"":11,""22"":18,""23"":27}",62,0,C:\Users\Omar\PycharmProjects\PythonProject\results_3004_esperenza_high\run07\20251026_133255_random.log
7,3204768519,374648,6744,"{""11"": 1806, ""12"": 2214, ""13"": 2556, ""14"": 18, ""21"": 27, ""22"": 57, ""23"": 66}",ics_ros_weighted,ics_ros_weighted_NO_PLOTTING.py,260107.0,2582.0,"{""11"":1117,""12"":523,""13"":890,""14"":18,""21"":12,""22"":12,""23"":10}",62,0,C:\Users\Omar\PycharmProjects\PythonProject\results_3004_esperenza_high\run07\20251026_133358_ics_ros_weighted.log
7,3204768519,374648,6744,"{""11"": 1806, ""12"": 2214, ""13"": 2556, ""14"": 18, ""21"": 27, ""22"": 57, ""23"": 66}",ics_dynamic_truth_lookahead,ics_dynamic_truth_lookahead_NO_PLOTTING.py,229692.0,3243.0,"{""11"":1375,""12"":930,""13"":862,""14"":13,""21"":11,""22"":20,""23"":32}",51,0,C:\Users\Omar\PycharmProjects\PythonProject\results_3004_esperenza_high\run07\20251026_133500_ics_dynamic_truth_lookahead.log
7,3204768519,374648,6744,"{""11"": 1806, ""12"": 2214, ""13"": 2556, ""14"": 18, ""21"": 27, ""22"": 57, ""23"": 66}",ics_ros_weighted_mean,ics_ros_weighted_mean_NO_PLOTTING.py,261014.0,2768.0,"{""11"":1126,""12"":626,""13"":963,""14"":18,""21"":12,""22"":13,""23"":10}",64,0,C:\Users\Omar\PycharmProjects\PythonProject\results_3004_esperenza_high\run07\20251026_133552_ics_ros_weighted_mean.log
7,3204768519,374648,6744,"{""11"": 1806, ""12"": 2214, ""13"": 2556, ""14"": 18, ""21"": 27, ""22"": 57, ""23"": 66}",ics_dynamic_mean_lookahead,ics_dynamic_mean_lookahead_NO_PLOTTING.py,293564.0,3891.0,"{""11"":1448,""12"":1139,""13"":1200,""14"":18,""21"":14,""22"":34,""23"":38}",54,0,C:\Users\Omar\PycharmProjects\PythonProject\results_3004_esperenza_high\run07\20251026_133657_ics_dynamic_mean_lookahead.log
7,3204768519,374648,6744,"{""11"": 1806, ""12"": 2214, ""13"": 2556, ""14"": 18, ""21"": 27, ""22"": 57, ""23"": 66}",ics_dynamic_mean,ics_dynamic_mean_NO_PLOTTING.py,297837.0,5823.0,"{""11"":1423,""12"":1952,""13"":2292,""14"":18,""21"":21,""22"":56,""23"":61}",46,0,C:\Users\Omar\PycharmProjects\PythonProject\results_3004_esperenza_high\run07\20251026_133751_ics_dynamic_mean.log
7,3204768519,374648,6744,"{""11"": 1806, ""12"": 2214, ""13"": 2556, ""14"": 18, ""21"": 27, ""22"": 57, ""23"": 66}",ics_dynamic,ics_dynamic_NO_PLOTTING.py,291293.0,5852.0,"{""11"":1464,""12"":1953,""13"":2279,""14"":18,""21"":21,""22"":56,""23"":61}",46,0,C:\Users\Omar\PycharmProjects\PythonProject\results_3004_esperenza_high\run07\20251026_133838_ics_dynamic.log
7,3204768519,374648,6744,"{""11"": 1806, ""12"": 2214, ""13"": 2556, ""14"": 18, ""21"": 27, ""22"": 57, ""23"": 66}",mcts,dashboard_NO_PLOTTING.py,172159.0,765.0,"{""11"":704,""12"":22,""13"":39}",37828,0,C:\Users\Omar\PycharmProjects\PythonProject\results_3004_esperenza_high\run07\20251026_160204_mcts.log
8,2326447624,329023,7119,"{""11"": 1705, ""12"": 2176, ""13"": 3075, ""14"": 21, ""21"": 30, ""22"": 41, ""23"": 71}",ics_buildings,ics_buildings_NO_PLOTTING.py,247762.0,5258.0,"{""11"":1324,""12"":1789,""13"":2060,""21"":18,""22"":28,""23"":39}",52,0,C:\Users\Omar\PycharmProjects\PythonProject\results_3004_esperenza_high\run08\20251027_023233_ics_buildings.log
8,2326447624,329023,7119,"{""11"": 1705, ""12"": 2176, ""13"": 3075, ""14"": 21, ""21"": 30, ""22"": 41, ""23"": 71}",ics_mean_burned_buildings,ics_mean_burned_buildings_NO_PLOTTING.py,225014.0,2106.0,"{""11"":1145,""12"":703,""13"":205,""21"":12,""22"":18,""23"":23}",69,0,C:\Users\Omar\PycharmProjects\PythonProject\results_3004_esperenza_high\run08\20251027_023325_ics_mean_burned_buildings.log
8,2326447624,329023,7119,"{""11"": 1705, ""12"": 2176, ""13"": 3075, ""14"": 21, ""21"": 30, ""22"": 41, ""23"": 71}",ics_truth_burned_buildings,ics_truth_burned_buildings_NO_PLOTTING.py,274516.0,2207.0,"{""11"":1133,""12"":505,""13"":521,""14"":21,""21"":12,""22"":5,""23"":10}",75,0,C:\Users\Omar\PycharmProjects\PythonProject\results_3004_esperenza_high\run08\20251027_023435_ics_truth_burned_buildings.log
8,2326447624,329023,7119,"{""11"": 1705, ""12"": 2176, ""13"": 3075, ""14"": 21, ""21"": 30, ""22"": 41, ""23"": 71}",random,random_allocations_NO_PLOTTING.py,288848.0,6059.0,"{""11"":1244,""12"":2040,""13"":2660,""14"":21,""21"":9,""22"":37,""23"":48}",64,0,C:\Users\Omar\PycharmProjects\PythonProject\results_3004_esperenza_high\run08\20251027_023550_random.log
8,2326447624,329023,7119,"{""11"": 1705, ""12"": 2176, ""13"": 3075, ""14"": 21, ""21"": 30, ""22"": 41, ""23"": 71}",ics_ros_weighted,ics_ros_weighted_NO_PLOTTING.py,236452.0,2967.0,"{""11"":959,""12"":529,""13"":1402,""14"":21,""21"":15,""22"":10,""23"":31}",56,0,C:\Users\Omar\PycharmProjects\PythonProject\results_3004_esperenza_high\run08\20251027_023654_ics_ros_weighted.log
8,2326447624,329023,7119,"{""11"": 1705, ""12"": 2176, ""13"": 3075, ""14"": 21, ""21"": 30, ""22"": 41, ""23"": 71}",ics_dynamic_truth_lookahead,ics_dynamic_truth_lookahead_NO_PLOTTING.py,212842.0,1280.0,"{""11"":691,""12"":114,""13"":449,""14"":21,""23"":5}",53,0,C:\Users\Omar\PycharmProjects\PythonProject\results_3004_esperenza_high\run08\20251027_023751_ics_dynamic_truth_lookahead.log
8,2326447624,329023,7119,"{""11"": 1705, ""12"": 2176, ""13"": 3075, ""14"": 21, ""21"": 30, ""22"": 41, ""23"": 71}",ics_ros_weighted_mean,ics_ros_weighted_mean_NO_PLOTTING.py,233272.0,2930.0,"{""11"":955,""12"":449,""13"":1448,""14"":21,""21"":16,""22"":10,""23"":31}",59,0,C:\Users\Omar\PycharmProjects\PythonProject\results_3004_esperenza_high\run08\20251027_023844_ics_ros_weighted_mean.log
8,2326447624,329023,7119,"{""11"": 1705, ""12"": 2176, ""13"": 3075, ""14"": 21, ""21"": 30, ""22"": 41, ""23"": 71}",ics_dynamic_mean_lookahead,ics_dynamic_mean_lookahead_NO_PLOTTING.py,227052.0,3528.0,"{""11"":941,""12"":1237,""13"":1277,""14"":17,""22"":25,""23"":31}",59,0,C:\Users\Omar\PycharmProjects\PythonProject\results_3004_esperenza_high\run08\20251027_023944_ics_dynamic_mean_lookahead.log
8,2326447624,329023,7119,"{""11"": 1705, ""12"": 2176, ""13"": 3075, ""14"": 21, ""21"": 30, ""22"": 41, ""23"": 71}",ics_dynamic_mean,ics_dynamic_mean_NO_PLOTTING.py,308570.0,5431.0,"{""11"":1332,""12"":1833,""13"":2162,""14"":21,""21"":13,""22"":29,""23"":41}",54,0,C:\Users\Omar\PycharmProjects\PythonProject\results_3004_esperenza_high\run08\20251027_024043_ics_dynamic_mean.log
8,2326447624,329023,7119,"{""11"": 1705, ""12"": 2176, ""13"": 3075, ""14"": 21, ""21"": 30, ""22"": 41, ""23"": 71}",ics_dynamic,ics_dynamic_NO_PLOTTING.py,306978.0,5410.0,"{""11"":1316,""12"":1834,""13"":2157,""14"":21,""21"":13,""22"":28,""23"":41}",51,0,C:\Users\Omar\PycharmProjects\PythonProject\results_3004_esperenza_high\run08\20251027_024137_ics_dynamic.log
8,2326447624,329023,7119,"{""11"": 1705, ""12"": 2176, ""13"": 3075, ""14"": 21, ""21"": 30, ""22"": 41, ""23"": 71}",mcts,dashboard_NO_PLOTTING.py,187599.0,1167.0,"{""11"":590,""12"":97,""13"":454,""14"":21,""23"":5}",43269,0,C:\Users\Omar\PycharmProjects\PythonProject\results_3004_esperenza_high\run08\20251027_024228_mcts.log
9,2326447625,294932,3710,"{""11"": 1109, ""12"": 1309, ""13"": 1214, ""14"": 13, ""21"": 8, ""22"": 25, ""23"": 32}",ics_buildings,ics_buildings_NO_PLOTTING.py,191758.0,2229.0,"{""11"":771,""12"":908,""13"":503,""22"":23,""23"":24}",50,0,C:\Users\Omar\PycharmProjects\PythonProject\results_3004_esperenza_high\run09\20251027_144338_ics_buildings.log
9,2326447625,294932,3710,"{""11"": 1109, ""12"": 1309, ""13"": 1214, ""14"": 13, ""21"": 8, ""22"": 25, ""23"": 32}",ics_mean_burned_buildings,ics_mean_burned_buildings_NO_PLOTTING.py,32216.0,87.0,"{""11"":87}",28,0,C:\Users\Omar\PycharmProjects\PythonProject\results_3004_esperenza_high\run09\20251027_144428_ics_mean_burned_buildings.log
9,2326447625,294932,3710,"{""11"": 1109, ""12"": 1309, ""13"": 1214, ""14"": 13, ""21"": 8, ""22"": 25, ""23"": 32}",ics_truth_burned_buildings,ics_truth_burned_buildings_NO_PLOTTING.py,44130.0,79.0,"{""11"":79}",34,0,C:\Users\Omar\PycharmProjects\PythonProject\results_3004_esperenza_high\run09\20251027_144457_ics_truth_burned_buildings.log
9,2326447625,294932,3710,"{""11"": 1109, ""12"": 1309, ""13"": 1214, ""14"": 13, ""21"": 8, ""22"": 25, ""23"": 32}",random,random_allocations_NO_PLOTTING.py,244558.0,3081.0,"{""11"":934,""12"":1108,""13"":977,""14"":13,""22"":23,""23"":26}",45,0,C:\Users\Omar\PycharmProjects\PythonProject\results_3004_esperenza_high\run09\20251027_144532_random.log
9,2326447625,294932,3710,"{""11"": 1109, ""12"": 1309, ""13"": 1214, ""14"": 13, ""21"": 8, ""22"": 25, ""23"": 32}",ics_ros_weighted,ics_ros_weighted_NO_PLOTTING.py,199848.0,781.0,"{""11"":462,""12"":75,""13"":230,""14"":13,""23"":1}",62,0,C:\Users\Omar\PycharmProjects\PythonProject\results_3004_esperenza_high\run09\20251027_144617_ics_ros_weighted.log
9,2326447625,294932,3710,"{""11"": 1109, ""12"": 1309, ""13"": 1214, ""14"": 13, ""21"": 8, ""22"": 25, ""23"": 32}",ics_dynamic_truth_lookahead,ics_dynamic_truth_lookahead_NO_PLOTTING.py,30166.0,154.0,"{""11"":154}",32,0,C:\Users\Omar\PycharmProjects\PythonProject\results_3004_esperenza_high\run09\20251027_144720_ics_dynamic_truth_lookahead.log
9,2326447625,294932,3710,"{""11"": 1109, ""12"": 1309, ""13"": 1214, ""14"": 13, ""21"": 8, ""22"": 25, ""23"": 32}",ics_ros_weighted_mean,ics_ros_weighted_mean_NO_PLOTTING.py,195283.0,753.0,"{""11"":456,""12"":70,""13"":214,""14"":13}",66,0,C:\Users\Omar\PycharmProjects\PythonProject\results_3004_esperenza_high\run09\20251027_144752_ics_ros_weighted_mean.log
9,2326447625,294932,3710,"{""11"": 1109, ""12"": 1309, ""13"": 1214, ""14"": 13, ""21"": 8, ""22"": 25, ""23"": 32}",ics_dynamic_mean_lookahead,ics_dynamic_mean_lookahead_NO_PLOTTING.py,58041.0,178.0,"{""11"":178}",40,0,C:\Users\Omar\PycharmProjects\PythonProject\results_3004_esperenza_high\run09\20251027_144859_ics_dynamic_mean_lookahead.log
9,2326447625,294932,3710,"{""11"": 1109, ""12"": 1309, ""13"": 1214, ""14"": 13, ""21"": 8, ""22"": 25, ""23"": 32}",ics_dynamic_mean,ics_dynamic_mean_NO_PLOTTING.py,247731.0,3117.0,"{""11"":859,""12"":1239,""13"":958,""21"":8,""22"":25,""23"":28}",54,0,C:\Users\Omar\PycharmProjects\PythonProject\results_3004_esperenza_high\run09\20251027_144940_ics_dynamic_mean.log
9,2326447625,294932,3710,"{""11"": 1109, ""12"": 1309, ""13"": 1214, ""14"": 13, ""21"": 8, ""22"": 25, ""23"": 32}",ics_dynamic,ics_dynamic_NO_PLOTTING.py,241835.0,3071.0,"{""11"":820,""12"":1239,""13"":951,""21"":8,""22"":25,""23"":28}",54,0,C:\Users\Omar\PycharmProjects\PythonProject\results_3004_esperenza_high\run09\20251027_145034_ics_dynamic.log
9,2326447625,294932,3710,"{""11"": 1109, ""12"": 1309, ""13"": 1214, ""14"": 13, ""21"": 8, ""22"": 25, ""23"": 32}",mcts,dashboard_NO_PLOTTING.py,30605.0,91.0,"{""11"":91}",24880,0,C:\Users\Omar\PycharmProjects\PythonProject\results_3004_esperenza_high\run09\20251027_145128_mcts.log
10,2326447626,317654,3183,"{""11"": 1479, ""12"": 964, ""13"": 670, ""14"": 13, ""21"": 12, ""22"": 23, ""23"": 22}",ics_buildings,ics_buildings_NO_PLOTTING.py,228333.0,1799.0,"{""11"":733,""12"":724,""13"":302,""22"":22,""23"":18}",59,0,C:\Users\Omar\PycharmProjects\PythonProject\results_3004_esperenza_high\run10\20251027_214609_ics_buildings.log
10,2326447626,317654,3183,"{""11"": 1479, ""12"": 964, ""13"": 670, ""14"": 13, ""21"": 12, ""22"": 23, ""23"": 22}",ics_mean_burned_buildings,ics_mean_burned_buildings_NO_PLOTTING.py,254460.0,2288.0,"{""11"":1224,""12"":736,""13"":283,""21"":12,""22"":21,""23"":12}",73,0,C:\Users\Omar\PycharmProjects\PythonProject\results_3004_esperenza_high\run10\20251027_214709_ics_mean_burned_buildings.log
10,2326447626,317654,3183,"{""11"": 1479, ""12"": 964, ""13"": 670, ""14"": 13, ""21"": 12, ""22"": 23, ""23"": 22}",ics_truth_burned_buildings,ics_truth_burned_buildings_NO_PLOTTING.py,246527.0,973.0,"{""11"":721,""12"":144,""13"":96,""21"":5,""22"":7}",67,0,C:\Users\Omar\PycharmProjects\PythonProject\results_3004_esperenza_high\run10\20251027_214822_ics_truth_burned_buildings.log
10,2326447626,317654,3183,"{""11"": 1479, ""12"": 964, ""13"": 670, ""14"": 13, ""21"": 12, ""22"": 23, ""23"": 22}",random,random_allocations_NO_PLOTTING.py,264393.0,2383.0,"{""11"":1202,""12"":736,""13"":392,""14"":11,""21"":5,""22"":18,""23"":19}",52,0,C:\Users\Omar\PycharmProjects\PythonProject\results_3004_esperenza_high\run10\20251027_214930_random.log
10,2326447626,317654,3183,"{""11"": 1479, ""12"": 964, ""13"": 670, ""14"": 13, ""21"": 12, ""22"": 23, ""23"": 22}",ics_ros_weighted,ics_ros_weighted_NO_PLOTTING.py,262360.0,2100.0,"{""11"":1205,""12"":690,""13"":160,""14"":13,""21"":12,""22"":18,""23"":2}",66,0,C:\Users\Omar\PycharmProjects\PythonProject\results_3004_esperenza_high\run10\20251027_215022_ics_ros_weighted.log
10,2326447626,317654,3183,"{""11"": 1479, ""12"": 964, ""13"": 670, ""14"": 13, ""21"": 12, ""22"": 23, ""23"": 22}",ics_dynamic_truth_lookahead,ics_dynamic_truth_lookahead_NO_PLOTTING.py,182210.0,927.0,"{""11"":792,""12"":80,""13"":47,""21"":3,""22"":5}",52,0,C:\Users\Omar\PycharmProjects\PythonProject\results_3004_esperenza_high\run10\20251027_215129_ics_dynamic_truth_lookahead.log
10,2326447626,317654,3183,"{""11"": 1479, ""12"": 964, ""13"": 670, ""14"": 13, ""21"": 12, ""22"": 23, ""23"": 22}",ics_ros_weighted_mean,ics_ros_weighted_mean_NO_PLOTTING.py,274792.0,1572.0,"{""11"":1103,""12"":275,""13"":169,""14"":13,""21"":12}",74,0,C:\Users\Omar\PycharmProjects\PythonProject\results_3004_esperenza_high\run10\20251027_215222_ics_ros_weighted_mean.log
10,2326447626,317654,3183,"{""11"": 1479, ""12"": 964, ""13"": 670, ""14"": 13, ""21"": 12, ""22"": 23, ""23"": 22}",ics_dynamic_mean_lookahead,ics_dynamic_mean_lookahead_NO_PLOTTING.py,189317.0,891.0,"{""11"":746,""12"":88,""13"":50,""22"":7}",58,0,C:\Users\Omar\PycharmProjects\PythonProject\results_3004_esperenza_high\run10\20251027_215337_ics_dynamic_mean_lookahead.log
10,2326447626,317654,3183,"{""11"": 1479, ""12"": 964, ""13"": 670, ""14"": 13, ""21"": 12, ""22"": 23, ""23"": 22}",ics_dynamic_mean,ics_dynamic_mean_NO_PLOTTING.py,281472.0,2655.0,"{""11"":1248,""12"":864,""13"":488,""21"":11,""22"":23,""23"":21}",47,0,C:\Users\Omar\PycharmProjects\PythonProject\results_3004_esperenza_high\run10\20251027_215435_ics_dynamic_mean.log
10,2326447626,317654,3183,"{""11"": 1479, ""12"": 964, ""13"": 670, ""14"": 13, ""21"": 12, ""22"": 23, ""23"": 22}",ics_dynamic,ics_dynamic_NO_PLOTTING.py,281602.0,2655.0,"{""11"":1248,""12"":864,""13"":488,""21"":11,""22"":23,""23"":21}",47,0,C:\Users\Omar\PycharmProjects\PythonProject\results_3004_esperenza_high\run10\20251027_215523_ics_dynamic.log
10,2326447626,317654,3183,"{""11"": 1479, ""12"": 964, ""13"": 670, ""14"": 13, ""21"": 12, ""22"": 23, ""23"": 22}",mcts,dashboard_NO_PLOTTING.py,196854.0,670.0,"{""11"":615,""12"":23,""13"":20,""21"":12}",39864,0,C:\Users\Omar\PycharmProjects\PythonProject\results_3004_esperenza_high\run10\20251027_215611_mcts.log
11,2326447627,321642,7280,"{""11"": 1682, ""12"": 2226, ""13"": 3164, ""14"": 21, ""21"": 22, ""22"": 65, ""23"": 100}",ics_buildings,ics_buildings_NO_PLOTTING.py,270848.0,3925.0,"{""11"":1017,""12"":1256,""13"":1553,""14"":21,""21"":2,""22"":34,""23"":42}",68,0,C:\Users\Omar\PycharmProjects\PythonProject\results_3004_esperenza_high\run11\20251028_090036_ics_buildings.log
11,2326447627,321642,7280,"{""11"": 1682, ""12"": 2226, ""13"": 3164, ""14"": 21, ""21"": 22, ""22"": 65, ""23"": 100}",ics_mean_burned_buildings,ics_mean_burned_buildings_NO_PLOTTING.py,31117.0,95.0,"{""11"":95}",27,0,C:\Users\Omar\PycharmProjects\PythonProject\results_3004_esperenza_high\run11\20251028_090145_ics_mean_burned_buildings.log
11,2326447627,321642,7280,"{""11"": 1682, ""12"": 2226, ""13"": 3164, ""14"": 21, ""21"": 22, ""22"": 65, ""23"": 100}",ics_truth_burned_buildings,ics_truth_burned_buildings_NO_PLOTTING.py,30113.0,82.0,"{""11"":82}",28,0,C:\Users\Omar\PycharmProjects\PythonProject\results_3004_esperenza_high\run11\20251028_090213_ics_truth_burned_buildings.log
11,2326447627,321642,7280,"{""11"": 1682, ""12"": 2226, ""13"": 3164, ""14"": 21, ""21"": 22, ""22"": 65, ""23"": 100}",random,random_allocations_NO_PLOTTING.py,259320.0,6162.0,"{""11"":1275,""12"":1991,""13"":2737,""14"":21,""21"":5,""22"":55,""23"":78}",53,0,C:\Users\Omar\PycharmProjects\PythonProject\results_3004_esperenza_high\run11\20251028_090242_random.log
11,2326447627,321642,7280,"{""11"": 1682, ""12"": 2226, ""13"": 3164, ""14"": 21, ""21"": 22, ""22"": 65, ""23"": 100}",ics_ros_weighted,ics_ros_weighted_NO_PLOTTING.py,213632.0,1426.0,"{""11"":839,""12"":95,""13"":466,""14"":21,""23"":5}",63,0,C:\Users\Omar\PycharmProjects\PythonProject\results_3004_esperenza_high\run11\20251028_090335_ics_ros_weighted.log
